MyGene2 profile,Pubmed ID,OMIM,Condition,Gene Name,Genetic variant(s),Other Genetic Variant(s),Phenotypes
845,,,Kidney Disease,SLC12A3,"c.1732G>A, p.(Val578Met), autosomal recessive (homozygous), Pathogenic; c.2536-2537del, , autosomal recessive (homozygous), Pathogenic",,HP:0000077
1045,23328711,,,SLC12A3,"c.2029G>A, p.(Val677Met), autosomal recessive (compound heterozygous), Likely pathogenic; c.1763C>T, p.(Ala588Val), autosomal recessive (compound heterozygous), Likely pathogenic",,HP:0000077
1146,,,,SLC12A3,"c.539C>A, p.(Thr180Lys), autosomal recessive (compound heterozygous), Likely pathogenic; c.1844C>T, p.(Ser615Leu), autosomal recessive (compound heterozygous), Likely pathogenic",,HP:0000077
1160,,,,SLC12A3,"c.2573T>A, p.(Leu858His), unknown / other, Likely pathogenic",,HP:0000077
1167,,,,SLC12A3,"c.2191G>A, p.(Gly731Arg), unknown / other, Likely pathogenic",,HP:0000077
1169,,,,SLC12A3,"c.947G>T, p.(Gly316Val), autosomal recessive (compound heterozygous), Likely pathogenic; c.2660+1G>A, , autosomal recessive (compound heterozygous), Likely pathogenic",,HP:0000077
1198,8900229,,,SLC12A3,"c.1315G>A, p.(Gly439Ser), autosomal recessive (compound heterozygous), Likely pathogenic; c.1235G>C, p.(Gly412Ala), unknown / other, Uncertain significance; c.539C>A, p.(Thr180Lys), autosomal recessive (compound heterozygous), Likely pathogenic",,HP:0000077
1199,,,,SLC12A3,"c.787A>T, p.(Ile263Phe), unknown / other, Uncertain significance","CLCNKB, c.1830G>A, p.(Trp610*), unknown / other, Likely pathogenic; SCNN1A, c.1063G>A, p.(Gly355Arg), unknown / other, Uncertain significance",HP:0000077
1201,,,,SLC12A3,"c.139delC, p.(His47Thrfs*67), autosomal recessive (compound heterozygous), Likely pathogenic; c.1868T>C, p.(Leu623Pro), autosomal recessive (compound heterozygous), Likely pathogenic",,HP:0000077
1206,,,,SLC12A3,"c.1706C>T, p.(Ala569Val), autosomal dominant, Uncertain significance",,HP:0000077
1211,,,,SLC12A3,"c.2573T>A, p.(Leu858His), unknown / other, Likely pathogenic",,HP:0000077
1220,,,,SLC12A3,"c.1844C>T, p.(Ser615Leu), autosomal recessive (compound heterozygous), Likely pathogenic; c.539C>A, p.(Thr180Lys), autosomal recessive (compound heterozygous), Likely pathogenic",,HP:0000077
1226,,,,SLC12A3,"c.2542G>A, p.(Asp848Asn), autosomal recessive (compound heterozygous), Likely pathogenic; c.539C>A, p.(Thr180Lys), autosomal recessive (compound heterozygous), Likely pathogenic",,HP:0000077
1250,,,,SLC12A3,"c.791dup, p.(Val265Argfs*46), unknown / other, Uncertain significance",,HP:0000077
1252,,,,SLC12A3,"c.1924C>T, p.(Arg642Cys), unknown / other, Likely pathogenic",,HP:0000077
1257,,,,SLC12A3,"c.2012T>G, p.(Leu671Arg), autosomal recessive (compound heterozygous), Likely pathogenic; c.1698C>A, p.(Asn566Lys), autosomal recessive (compound heterozygous), Likely pathogenic; c.2582G>A, p.(Arg861His), autosomal recessive (compound heterozygous), Likely pathogenic",,HP:0000077
3802,,,,SLC12A3,,,"HP:0000119,HP:0000079"
3831,,,Familial Hypomagnesemia Hypercalciuria Nephrocalcinosis,SLC12A3,"c.37G>C, p.(Ala13Pro), unknown / other, Uncertain significance","CLDN16, c.358T>G, p.(Cys120Gly), autosomal recessive (compound heterozygous), Uncertain significance; CLDN16, c.358T>G, autosomal recessive (compound heterozygous), Uncertain significance; CLDN16, autosomal recessive (compound heterozygous), Pathogenic","HP:0000121,HP:0002917,HP:0002150,HP:0002829,HP:0033050,HP:0000787,HP:0001250"
